folds,mean_return_pct,mean_annualized_sharpe,mean_max_drawdown,mean_cash_weight,mean_turnover_l1
4,0.10048754091469865,1.093867075683033,-0.07338714833106733,0.41235723157946647,0.00844242386119735
