model,folds,return_mean,sharpe_mean,maxdd_mean,return_over_drawdown,turnover_mean,cash_mean,benchmark_return_mean,benchmark_sharpe_mean,benchmark_maxdd_mean,benchmark_return_over_drawdown,drawdown_reduction_pct_vs_benchmark,return_capture_vs_benchmark,sharpe_capture_vs_benchmark
CHRL,4,0.1004875409146986,1.093867075683033,-0.0733871483310673,1.3692798153346255,0.0084424238611973,0.4123572315794664,0.1709268299006327,1.1736453198423678,-0.152662461858487,1.1196388936729984,0.5192849149839158,0.58789799689795,0.9320252525950091
Residual-group stress test,4,0.1007553939724194,1.0876758065038123,-0.0751093867385778,1.3414487635627206,0.0085335678525633,0.4036040195478325,0.1709268299006327,1.1736453198423678,-0.152662461858487,1.1196388936729984,0.5080035666645957,0.5894650595871517,0.9267500054018858
No rotation budget,4,0.0716226700692987,1.090895116400892,-0.0543464543824308,1.317890391989454,0.0076886348379324,0.5712216188337859,0.1709268299006327,1.1736453198423678,-0.152662461858487,1.1196388936729984,0.6440090529077924,0.41902532277077925,0.9294930060705308
Base monthly risk controller,4,0.0819044002000504,1.054749215348317,-0.0625550345931846,1.3093174791237974,0.0060167536329069,0.4970352926486483,0.1709268299006327,1.1736453198423678,-0.152662461858487,1.1196388936729984,0.5902395793199574,0.47917813866708364,0.8986950295085573
Sell-side priority,4,0.0862780362918169,1.066085593196755,-0.0660050323722044,1.307143306972299,0.0089794500668853,0.4759490392384943,0.1709268299006327,1.1736453198423678,-0.152662461858487,1.1196388936729984,0.5676407181656166,0.5047659068033622,0.9083541468387919
Improved confidence slice,4,0.0370799989391035,0.938275687337136,-0.0351194822639201,1.0558241906999162,0.0034031639915348,0.7881322203604759,0.1709268299006327,1.1736453198423678,-0.152662461858487,1.1196388936729984,0.7699533871235832,0.2169349244975744,0.7994542060314744
Weekly stock routing,4,0.0938948692304929,0.9334734074064855,-0.0991640069151788,0.9468644133229415,0.0090193005805482,0.3383969775754429,0.1709268299006327,1.1736453198423678,-0.152662461858487,1.1196388936729984,0.35043621262245517,0.5493278573356688,0.7953624418081098
