fold,return_pct,annualized_sharpe,max_drawdown,mean_cash_weight,mean_turnover_l1,mean_stock_turnover_l1
2018,0.0020166070021188,0.0764220719116872,-0.1355124522559216,0.3366647971272468,0.0094953517394187,0.0051852484981132
2019,0.1320817740516462,1.7227237832922526,-0.0417773237404203,0.3930030758399887,0.0079503701201637,0.0045941388563656
2020,0.1949368132448163,1.467718232313725,-0.0725548663203943,0.4566128716937133,0.008527435793891,0.0048226035235386
2021,0.0729149693602133,1.108604215214467,-0.0437039510075331,0.4631481816569172,0.007796537791316,0.0043803341873776
